
-- 1. 부서 (Department)
INSERT INTO Department (department_id, name)
VALUES
    ('1', '총무'),
    ('2', '기획'),
    ('3', '영업'),
    ('4', '인사');


-- 9. 직원 (Employee)
INSERT INTO Employee (employee_id, name,birth, tel, email, address, start_date, created_at, updated_at)
VALUES
    (1, '한국진','2020-01-01', '010-1111-2222', 'kj1@gmail.com', '강남역', '2020-01-01', '2020-01-01 12:34:56', NULL),
    (2, '곽우진','2020-01-02', '010-2222-3333', 'uj2@gmail.com', '역삼역', '2020-01-02', '2020-01-02 12:34:56', NULL),
    (3, '정여진','2020-01-03', '010-1111-4444', 'yj3@gmail.com', '논현역', '2020-01-03', '2020-01-03 12:34:56', NULL),
    (4, '김여지','2020-01-04', '010-1111-4544', 'yj4@gmail.com', '논현역', '2020-01-03', '2020-01-03 12:34:56', NULL);


-- 2. 스토어 (Store)
INSERT INTO Store (store_id, name, location, updated_at, created_at, store_number, store_type, operation_start_date, operation_end_date, opening_time, closing_time, postal_code, store_status, monthly_revenue, manager_id)
VALUES
    (1, '명동 지점', '서울특별시 중구 남대문로2가 9-1', '2022-01-01 09:00:00', '2022-01-01 09:00:00', '010-1234-5678', 'STORE', '2022-01-01 09:00:00', NULL, '11:00', '18:00', '4534', 'OPERATING', 1000000000, 1),
    (2, '여의도 지점', '서울특별시 영등포구 여의도동 23 IFC몰 L1', '2022-01-01 09:00:00', '2022-01-01 09:00:00', '010-1234-5679', 'STORE', '2022-01-01 09:00:00', NULL, '11:00', '18:00', '7326', 'OPERATING', 1200000000, 2),
    (3, '가로수길 지점', '서울특별시 강남구 신사동 534-18', '2025-03-10 09:00:00', '2023-01-01 09:00:00', '010-1234-5680', 'STORE', '2023-01-01 09:00:00', NULL, '11:00', '18:00', '6028', 'CLOSED', 3000000, 3),
    (4, '잠실 지점', '서울특별시 송파구 신천동 29 롯데월드몰 1층', '2024-01-01 09:00:00', '2024-01-01 09:00:00', '010-1234-5681', 'STORE', '2024-01-01 09:00:00', NULL, '11:00', '18:00', '5551', 'OPERATING', 900000000, 4);

-- 3. 회원 (User)
INSERT INTO User (user_id, email, password, create_date, updated_at, is_active)
VALUES
    (1, 'kj@gmail.com', 'dummy', '2025-01-01 12:34:56', NULL, TRUE),
    (2, 'uj@gmail.com', 'dummy', '2025-01-02 12:34:56', NULL, TRUE),
    (3, 'yj@gmail.com', 'dummy', '2025-01-03 12:11:11', NULL, TRUE),
    (4, 'hg@gmail.com', 'dummy', '2025-01-01 12:34:56', NULL, FALSE),
    (5, 'sh@gmail.com', 'dummy', '2025-01-01 12:34:56', NULL, FALSE);

-- 4. 비회원 (Guest)
INSERT INTO Guest (guest_id, order_id, name, address, tel, created_at, updated_at)
VALUES
    (1, 0, '세션값1', '서울특별시 강남구 역삼동 826-21', '010-2222-3333', '2025-01-01 12:34:56', NULL),
    (2, 0, '세션값2', NULL, NULL, '2025-01-01 12:34:56', NULL);

-- 5. 회원 정보 (UserInfo)
INSERT INTO UserInfo (user_info, name, birth, tel, created_at, updated_at, user_id, user_role, user_status)
VALUES
    (1, '한국진', '1899-12-30', '010-1111-2222', '2025-01-01 12:34:56', NULL, 1, 'CUSTOMER', 'ACTIVE'),
    (2, '곽우진', '1899-12-30', '010-2222-3333', '2025-01-02 12:34:56', NULL, 2, 'MANAGER', 'CANCEL'),
    (3, '정여진', '1899-12-30', '010-4444-5555', '2025-01-03 12:11:11', NULL, 3, 'CUSTOMER', 'PAUSE'),
    (4, '임한규', '1899-12-30', '010-6666-7777', '2025-01-01 12:34:56', NULL, 4, 'MANAGER', 'ACTIVE'),
    (5, '윤승현', '1899-12-30', '010-8888-4444', '2025-01-01 12:34:56', NULL, 5, 'CUSTOMER', 'CANCEL');

-- 6. 로그인이력 (LoginHistory)
INSERT INTO LoginHistory (loginhistory_id, user_id, login_time, ip_address, device_info, login_status)
VALUES
    (1, 1, '2025-01-01 12:34:56', '191.168.1.1', 'window11', 'ACCESS'),
    (2, 1, '2025-01-02 12:34:56', '191.168.1.1', 'window11', 'ACCESS'),
    (3, 2, '2025-01-03 12:11:11', '191.168.1.10', 'window11', 'ACCESS');

-- 7. 회원 프로필 변경이력 (UserProfileHistory)
INSERT INTO UserProfileHistory (profilehistory_id, user_id, field_changed, previous_value, new_value, changed_by, changed_at)
VALUES
    (1, 1, '이메일', 'kj@google.com', 'hkj@google.com', 1, '2025-01-01 12:34:56'),
    (2, 1, '이메일', 'hkj@google.com', 'kj@google.com', 1, '2025-01-02 12:34:56'),
    (3, 2, '연락처', '010-2222-3333', '010-4233-1235', 1, '2025-01-03 12:11:11');

-- 8. 상품 카테고리 (Category)
INSERT INTO Category (category_id, name, created_at, updated_at, parent_id, visibility_status)
VALUES
    (1, '핸드폰', '2023-01-02 09:00:00', '2023-01-02 09:00:00', NULL, 'VISIBLE'),
    (2, '핸드폰 프로', '2023-01-03 09:00:00', '2023-01-03 09:00:00', 1, 'VISIBLE'),
    (3, '핸드폰 일반', '2023-01-04 09:00:00', '2023-01-04 09:00:00', 1, 'VISIBLE'),
    (4, '핸드폰 미니', '2023-01-05 09:00:00', '2023-01-05 09:00:00', 1, 'VISIBLE'),
    (5, '노트북', '2023-01-06 09:00:00', '2023-01-06 09:00:00', NULL, 'VISIBLE'),
    (6, '노트북 프로', '2023-01-07 09:00:00', '2023-01-07 09:00:00', 5, 'VISIBLE'),
    (7, '노트북 일반', '2023-01-08 09:00:00', '2023-01-08 09:00:00', 5, 'VISIBLE'),
    (8, '노트북 에어', '2023-01-09 09:00:00', '2023-01-09 09:00:00', 5, 'VISIBLE'),
    (9, '태블릿', '2023-01-10 09:00:00', '2023-01-10 09:00:00', NULL, 'VISIBLE'),
    (10, '태블릿 프로', '2023-01-11 09:00:00', '2023-01-11 09:00:00', 9, 'VISIBLE'),
    (11, '태블릿 일반', '2023-01-12 09:00:00', '2023-01-12 09:00:00', 9, 'VISIBLE'),
    (12, '태블릿 미니', '2023-01-13 09:00:00', '2023-01-13 09:00:00', 9, 'VISIBLE'),
    (13, '워치', '2023-01-14 09:00:00', '2023-01-14 09:00:00', NULL, 'VISIBLE'),
    (14, '워치 프로', '2023-01-15 09:00:00', '2023-01-15 09:00:00', 13, 'VISIBLE'),
    (15, '워치 일반', '2023-01-16 09:00:00', '2023-01-16 09:00:00', 13, 'VISIBLE'),
    (16, '워치 미니', '2023-01-17 09:00:00', '2023-01-17 09:00:00', 13, 'TEMPORARILY HIDDEN'),
    (17, '이어폰', '2023-01-18 09:00:00', '2023-01-18 09:00:00', NULL, 'VISIBLE');

-- 10. 직원 정보 (EmployeeInfo)
INSERT INTO EmployeeInfo (emp_info, employee_id, department_id, title, salary, vacation_count, required_training, created_at, updated_at, store_id, employee_status)
VALUES
    (1, 1, '1', '직원', 1000, 50, TRUE, '2020-01-01 12:34:56', '2025-03-13 12:34:56', 1, 'ACTIVE'),
    (2, 2, '2', '직원', 300, 33, TRUE, '2020-01-02 12:34:56', NULL, 2, 'ACTIVE'),
    (3, 3, '3', '직원', 500, 27, FALSE, '2020-01-03 12:34:56', NULL, 3, 'ACTIVE');

-- 11. 쿠폰 (Coupon)
INSERT INTO Coupon (coupon_id, coupon_code, coupon_name, discount_amount, min_order_amount, start_date, end_date, is_active, created_at, updated_at, use_valid)
VALUES
    (1, 'CPN001', '쿠폰1', 5000, 20000, '2025-04-01 00:00:00', '2025-04-30 23:59:59', TRUE, '2025-03-20 10:00:00', '2025-03-20 10:00:00', 7),
    (2, 'CPN002', '쿠폰2', 1000, 10000, '2025-04-05 00:00:00', '2025-05-05 23:59:59', TRUE, '2025-03-20 11:00:00', '2025-03-20 13:00:00', 30),
    (3, 'CPN003', '쿠폰3', 2000, 15000, '2025-04-10 00:00:00', '2025-04-25 23:59:59', FALSE, '2025-03-20 12:00:00', '2025-03-20 15:00:00', 30),
    (4, 'CPN004', '쿠폰4', 3000, 30000, '2025-04-01 00:00:00', '2025-04-15 23:59:59', TRUE, '2025-03-20 13:00:00', '2025-03-20 16:00:00', 3),
    (5, 'CPN005', '쿠폰5', 1500, 12000, '2025-04-07 00:00:00', '2025-04-28 23:59:59', TRUE, '2025-03-20 14:00:00', '2025-03-20 14:00:00', 5);

-- 12. 회원쿠폰함 (UserCoupon)
INSERT INTO UserCoupon (user_coupon_id, coupon_id, user_id, is_used, created_at, used_at, end_at)
VALUES
    (1, 1, 1, TRUE, '2025-03-21 10:00:00', '2025-03-21 19:00:00', '2025-03-23 13:00:00'),
    (2, 2, 2, TRUE, '2025-03-21 11:00:00', '2025-03-21 18:00:00', '2025-03-29 13:00:00'),
    (3, 3, 3, FALSE, '2025-03-21 12:00:00', '2025-03-21 17:00:00', '2025-03-23 13:00:00'),
    (4, 4, 4, TRUE, '2025-03-21 13:00:00', '2025-03-21 16:00:00', '2025-03-26 16:00:00'),
    (5, 5, 5, FALSE, '2025-03-21 14:00:00', '2025-03-21 20:00:00', '2025-03-23 13:00:00');

-- 13. 상품 (Product)
INSERT INTO Product
(product_id, name, price, created_at, updated_at, category_id, is_active, sale_status, target_release_date, actual_release_date, sale_start_date, sale_stop_date, sale_restart_date, sale_end_date)
VALUES
    (1, '24 프로 핸드폰', 1000000, '2024-01-01 09:00:00', '2024-01-05 10:00:00', 1, FALSE, 'OUT_OF_STOCK', '2024-01-10 12:00:00', '2024-01-12 12:00:00', '2024-01-12 12:00:00', '2024-01-15 12:00:00', NULL, '2024-01-15 12:00:00'),
    (2, '24 일반 핸드폰', 1500000, '2024-01-01 09:00:00', '2024-01-05 10:00:00', 1, FALSE, 'OUT_OF_STOCK', '2024-01-15 12:00:00', '2024-01-17 12:00:00', '2024-01-17 12:00:00', '2024-01-20 12:00:00', NULL, '2024-01-20 12:00:00'),
    (3, '24 일반 노트북', 2000000, '2024-02-01 09:00:00', '2024-02-15 12:00:00', 2, FALSE, 'SALE_STOPPED', '2024-02-10 12:00:00', '2024-02-10 12:00:00', '2024-02-10 12:00:00', '2024-02-15 12:00:00', NULL, NULL),
    (4, '24 일반 태블릿', 1500000, '2024-02-02 09:00:00', '2024-03-30 12:00:00', 4, FALSE, 'SALE_STOPPED', '2024-03-25 12:00:00', '2024-03-25 12:00:00', '2024-03-25 12:00:00', '2024-03-30 12:00:00', NULL, '2024-03-30 12:00:00'),
    (5, '24 일반 워치', 350000, '2024-02-03 09:00:00', '2024-04-12 12:00:00', 5, TRUE, 'ON_SALE', '2024-04-10 12:00:00', '2024-04-12 12:00:00', '2024-04-12 12:00:00', NULL, NULL, NULL),
    (6, '25 미니 태블릿', 2000000, '2025-02-01 09:00:00', '2025-02-01 09:00:00', 4, TRUE, 'ON_SALE', '2025-01-15 12:00:00', '2025-01-16 00:00:00', '2025-01-01 00:00:00', NULL, NULL, NULL),
    (7, '25 프로 워치', 500000, '2024-02-05 09:00:00', '2024-02-05 09:00:00', 5, TRUE, 'ON_SALE', '2025-02-05 00:00:00', '2025-02-05 00:00:00', '2025-02-05 00:00:00', NULL, NULL, NULL),
    (8, '25 일반 워치', 450000, '2024-02-06 09:00:00', '2024-04-12 12:00:00', 5, FALSE, 'COMING_SOON', '2025-12-02 00:00:00', NULL, NULL, NULL, NULL, NULL),
    (9, '25 미니 워치', 400000, '2024-02-07 09:00:00', '2024-04-12 12:00:00', 5, FALSE, 'COMING_SOON', '2025-12-03 00:00:00', NULL, NULL, NULL, NULL, NULL),
    (10, '26 프로 핸드폰', 650000, '2024-02-08 09:00:00', '2024-02-08 09:00:00', 1, FALSE, 'COMING_SOON', '2025-12-12 00:00:00', NULL, NULL, NULL, NULL, NULL);


-- 14. 상품 이미지 (Product_Image)
INSERT INTO Product_Image (image_id, image_url, created_id, updated_id, product_id, alt_text)
VALUES
    (1, 'URL_1', '2024-01-05 10:00:00', '2024-01-05 10:00:00', 1, '상품1에 대한 이미지'),
    (2, 'URL_2', '2024-01-05 10:00:00', '2024-01-05 10:00:00', 2, '상품2에 대한 이미지'),
    (3, 'URL_3', '2024-02-15 12:00:00', '2024-02-15 12:00:00', 3, '상품3에 대한 이미지'),
    (4, 'URL_4', '2024-03-30 12:00:00', '2024-03-30 12:00:00', 4, '상품4에 대한 이미지'),
    (5, 'URL_5', '2024-04-12 12:00:00', '2024-04-12 12:00:00', 5, '상품5에 대한 이미지'),
    (6, 'URL_6', '2025-10-16 12:00:00', '2025-10-16 12:00:00', 6, '상품6에 대한 이미지'),
    (7, 'URL_7', '2024-04-12 12:00:00', '2024-04-12 12:00:00', 7, '상품7에 대한 이미지'),
    (8, 'URL_8', '2024-04-12 12:00:00', '2024-04-12 12:00:00', 8, '상품8에 대한 이미지'),
    (9, 'URL_9', '2024-04-12 12:00:00', '2024-04-12 12:00:00', 9, '상품9에 대한 이미지'),
    (10, 'URL_10', '2024-04-12 12:00:00', '2024-04-12 12:00:00', 10, '상품10에 대한 이미지');

-- 15. 상품 옵션 (ProductOption)
INSERT INTO ProductOption (option_id, product_id, option_name, option_value, additional_price)
VALUES
    (1, 3, '13인치', 'Default', 50000),
    (2, 4, '15인치', 'Default', 50000),
    (3, 3, '16GB', 'Default', 50000),
    (4, 3, '32GB', 'Default', 50000),
    (5, 1, '128GB', 'Default', 50000),
    (6, 1, '256GB', 'Default', 50000),
    (7, 4, '11 인치', 'Default', 50000),
    (8, 4, '13인치', 'Default', 50000),
    (9, 4, '256GB', 'Default', 50000),
    (10, 4, '512GB', 'Default', 50000);

-- 16. 장바구니 (Cart)
INSERT INTO Cart (cart_id, created_at, updated_at, total_price, user_id, guest_id)
VALUES
    (1, '2025-01-01 12:34:56', '2025-01-01 12:34:56', 50000, NULL, NULL),
    (2, '2025-01-02 12:34:56', '2025-01-02 12:34:56', 75000, 1, NULL),
    (3, '2025-01-03 12:11:11', '2025-01-03 12:11:11', 60000, NULL, 1);

-- 17. 배송지 (Address)
INSERT INTO Address (delivery_id, name, tel, country, city, region, post_num, road_num, address, is_default, created_at, updated_at, user_info, guest_id, delivery_status)
VALUES
    (1, '한국진', '123-1111-1111', '한국', '서울특별시', '강남구', '12345', '서울시 강남구 테헤란로 123', '101호', TRUE, '2025-01-01 12:34:56', '2025-01-15 12:34:56', 1, NULL, 'SH_PREPARING'),
    (2, '곽우진', '123-1111-1112', '한국', '서울특별시', '종로구', '23456', '서울시 종로구 세종대로 456', '202호', TRUE, '2025-01-02 12:34:56', '2025-01-15 12:34:56', 2, NULL, 'SH_PREPARING'),
    (3, '정여진', '123-1111-1113', '일본', '경기도', '수원시', '34567', '경기도 수원시 팔달구 장안로 789', '303호', FALSE, '2025-01-03 12:11:11', '2025-01-15 12:34:56', 3, NULL, 'SH_PREPARING'),
    (4, '임한규', '123-1111-1114', '일본', '강원도', '강릉시', '45678', '강원도 강릉시 경포로 101', '404호', FALSE, '2025-01-01 12:34:56', '2025-01-15 12:34:56', NULL, 1, 'SH_PREPARING'),
    (5, '윤승현', '123-1111-1115', '미국', '부산특별시', '해운대구', '56789', '부산시 해운대구 센텀중앙로 202', '505호', TRUE, '2025-01-01 12:34:56', '2025-01-15 12:34:56', NULL, 2, 'SH_PREPARING');
